"","baseMean","log2FoldChange","lfcSE","stat","pvalue","padj"
"5284",5204.77088852697,3.08000101189134,0.661510373173771,4.65601317348089,3.22391314868939e-06,0.0105906157613391
